{
	"info": {
		"_postman_id": "aeabd64e-c166-19f2-56bb-abc3c9c0bdad",
		"name": "moocon-rest-import-cards",
		"schema": "https://schema.getpostman.com/json/collection/v2.1.0/collection.json"
	},
	"item": [
		{
			"name": "import L01",
			"event": [
				{
					"listen": "test",
					"script": {
						"id": "7f6ac7a6-c8a7-4ff3-940a-97f9407eb2fa",
						"type": "text/javascript",
						"exec": [
							"pm.test(\"Status code is 204\", function () {",
							"    pm.response.to.have.status(204);",
							"});"
						]
					}
				}
			],
			"request": {
				"method": "POST",
				"header": [
					{
						"key": "X-Access-Token",
						"value": "{{token}}"
					}
				],
				"body": {
					"mode": "formdata",
					"formdata": [
						{
							"key": "card",
							"src": "../L01.card",
							"description": "",
							"type": "file"
						}
					]
				},
				"url": {
					"raw": "http://localhost:3000/api/wallet/import",
					"protocol": "http",
					"host": [
						"localhost"
					],
					"port": "3000",
					"path": [
						"api",
						"wallet",
						"import"
					]
				}
			},
			"response": []
		},
		{
			"name": "import L02",
			"event": [
				{
					"listen": "test",
					"script": {
						"id": "14732df2-2a31-43da-a941-0e4b1ea75322",
						"type": "text/javascript",
						"exec": [
							"pm.test(\"Status code is 204\", function () {",
							"    pm.response.to.have.status(204);",
							"});"
						]
					}
				}
			],
			"request": {
				"method": "POST",
				"header": [
					{
						"key": "X-Access-Token",
						"value": "{{token}}"
					}
				],
				"body": {
					"mode": "formdata",
					"formdata": [
						{
							"key": "card",
							"src": "../L02.card",
							"description": "",
							"type": "file"
						}
					]
				},
				"url": {
					"raw": "http://localhost:3000/api/wallet/import",
					"protocol": "http",
					"host": [
						"localhost"
					],
					"port": "3000",
					"path": [
						"api",
						"wallet",
						"import"
					]
				}
			},
			"response": []
		},
		{
			"name": "import L03",
			"event": [
				{
					"listen": "test",
					"script": {
						"id": "739f169c-b6fa-44e8-8465-0b126794bc18",
						"type": "text/javascript",
						"exec": [
							"pm.test(\"Status code is 204\", function () {",
							"    pm.response.to.have.status(204);",
							"});"
						]
					}
				}
			],
			"request": {
				"method": "POST",
				"header": [
					{
						"key": "X-Access-Token",
						"value": "{{token}}"
					}
				],
				"body": {
					"mode": "formdata",
					"formdata": [
						{
							"key": "card",
							"src": "../L03.card",
							"description": "",
							"type": "file"
						}
					]
				},
				"url": {
					"raw": "http://localhost:3000/api/wallet/import",
					"protocol": "http",
					"host": [
						"localhost"
					],
					"port": "3000",
					"path": [
						"api",
						"wallet",
						"import"
					]
				}
			},
			"response": []
		},
		{
			"name": "import T01",
			"event": [
				{
					"listen": "test",
					"script": {
						"id": "6bb04681-a911-4364-92fa-8669ec56ae61",
						"type": "text/javascript",
						"exec": [
							"pm.test(\"Status code is 204\", function () {",
							"    pm.response.to.have.status(204);",
							"});"
						]
					}
				}
			],
			"request": {
				"method": "POST",
				"header": [
					{
						"key": "X-Access-Token",
						"value": "{{token}}"
					}
				],
				"body": {
					"mode": "formdata",
					"formdata": [
						{
							"key": "card",
							"src": "../T01.card",
							"description": "",
							"type": "file"
						}
					]
				},
				"url": {
					"raw": "http://localhost:3000/api/wallet/import",
					"protocol": "http",
					"host": [
						"localhost"
					],
					"port": "3000",
					"path": [
						"api",
						"wallet",
						"import"
					]
				}
			},
			"response": []
		},
		{
			"name": "import T02",
			"event": [
				{
					"listen": "test",
					"script": {
						"id": "b4e0749d-28ce-4f5c-b0c7-e27fb0336e2c",
						"type": "text/javascript",
						"exec": [
							"pm.test(\"Status code is 204\", function () {",
							"    pm.response.to.have.status(204);",
							"});"
						]
					}
				}
			],
			"request": {
				"method": "POST",
				"header": [
					{
						"key": "X-Access-Token",
						"value": "{{token}}"
					}
				],
				"body": {
					"mode": "formdata",
					"formdata": [
						{
							"key": "card",
							"src": "../T02.card",
							"description": "",
							"type": "file"
						}
					]
				},
				"url": {
					"raw": "http://localhost:3000/api/wallet/import",
					"protocol": "http",
					"host": [
						"localhost"
					],
					"port": "3000",
					"path": [
						"api",
						"wallet",
						"import"
					]
				}
			},
			"response": []
		},
		{
			"name": "import T03",
			"event": [
				{
					"listen": "test",
					"script": {
						"id": "d5bed8a6-92df-4f56-8267-dc2cd9958a54",
						"type": "text/javascript",
						"exec": [
							"pm.test(\"Status code is 204\", function () {",
							"    pm.response.to.have.status(204);",
							"});"
						]
					}
				}
			],
			"request": {
				"method": "POST",
				"header": [
					{
						"key": "X-Access-Token",
						"value": "{{token}}"
					}
				],
				"body": {
					"mode": "formdata",
					"formdata": [
						{
							"key": "card",
							"src": "../T03.card",
							"description": "",
							"type": "file"
						}
					]
				},
				"url": {
					"raw": "http://localhost:3000/api/wallet/import",
					"protocol": "http",
					"host": [
						"localhost"
					],
					"port": "3000",
					"path": [
						"api",
						"wallet",
						"import"
					]
				}
			},
			"response": []
		},
		{
			"name": "import T04",
			"event": [
				{
					"listen": "test",
					"script": {
						"id": "d0a4be2d-0db8-4896-a8fe-dc0657bf3e08",
						"type": "text/javascript",
						"exec": [
							"pm.test(\"Status code is 204\", function () {",
							"    pm.response.to.have.status(204);",
							"});"
						]
					}
				}
			],
			"request": {
				"method": "POST",
				"header": [
					{
						"key": "X-Access-Token",
						"value": "{{token}}"
					}
				],
				"body": {
					"mode": "formdata",
					"formdata": [
						{
							"key": "card",
							"src": "../T04.card",
							"description": "",
							"type": "file"
						}
					]
				},
				"url": {
					"raw": "http://localhost:3000/api/wallet/import",
					"protocol": "http",
					"host": [
						"localhost"
					],
					"port": "3000",
					"path": [
						"api",
						"wallet",
						"import"
					]
				}
			},
			"response": []
		},
		{
			"name": "import R01",
			"event": [
				{
					"listen": "test",
					"script": {
						"id": "0e6ab940-ac48-4dcb-a9c1-be5825e3a9fb",
						"type": "text/javascript",
						"exec": [
							"pm.test(\"Status code is 204\", function () {",
							"    pm.response.to.have.status(204);",
							"});"
						]
					}
				}
			],
			"request": {
				"method": "POST",
				"header": [
					{
						"key": "X-Access-Token",
						"value": "{{token}}"
					}
				],
				"body": {
					"mode": "formdata",
					"formdata": [
						{
							"key": "card",
							"src": "../R01.card",
							"description": "",
							"type": "file"
						}
					]
				},
				"url": {
					"raw": "http://localhost:3000/api/wallet/import",
					"protocol": "http",
					"host": [
						"localhost"
					],
					"port": "3000",
					"path": [
						"api",
						"wallet",
						"import"
					]
				}
			},
			"response": []
		}
	],
	"event": [
		{
			"listen": "prerequest",
			"script": {
				"id": "8aeab9d5-93ed-4706-8009-a3b35da31fd2",
				"type": "text/javascript",
				"exec": [
					""
				]
			}
		},
		{
			"listen": "test",
			"script": {
				"id": "18b1d343-8095-4bcd-a7bf-6f58f26516df",
				"type": "text/javascript",
				"exec": [
					""
				]
			}
		}
	]
}
